"player_id","full_name","first_name","last_name","position","height","weight","birthdate","country","is_active","last_updated_at"
1630560,"Cam Thomas","Cam","Thomas","",NULL,NULL,NULL,NULL,NULL,"2026-02-15 03:01:35.325254-06"
1628969,"Mikal Bridges","Mikal","Bridges","F",NULL,NULL,NULL,NULL,NULL,"2026-02-12 02:00:39.315355-06"
1630559,"Austin Reaves","Austin","Reaves","",NULL,NULL,NULL,NULL,NULL,"2026-02-15 03:01:37.172365-06"
1631132,"Christian Koloko","Christian","Koloko","",NULL,NULL,NULL,NULL,NULL,"2026-02-09 21:40:59.71186-06"
1628384,"OG Anunoby","OG","Anunoby","F",NULL,NULL,NULL,NULL,NULL,"2026-02-10 13:14:29.095534-06"
201143,"Al Horford","Al","Horford","",NULL,NULL,NULL,NULL,NULL,"2026-02-12 02:00:45.671318-06"
1626172,"Kevon Looney","Kevon","Looney","",NULL,NULL,NULL,NULL,NULL,"2026-02-12 02:00:42.550391-06"
1629651,"Nic Claxton","Nic","Claxton","C",NULL,NULL,NULL,NULL,NULL,"2026-02-09 21:41:11.533772-06"
201142,"Kevin Durant","Kevin","Durant","F",NULL,NULL,NULL,NULL,NULL,"2026-02-12 02:00:40.944456-06"
1627824,"Guerschon Yabusele","Guerschon","Yabusele","C",NULL,NULL,NULL,NULL,NULL,"2026-02-12 02:00:37.633198-06"
1630596,"Evan Mobley","Evan","Mobley","F",NULL,NULL,NULL,NULL,NULL,"2026-02-05 15:09:35.864778-06"
1641750,"Ryan Kalkbrenner","Ryan","Kalkbrenner","C",NULL,NULL,NULL,NULL,NULL,"2026-02-12 02:00:35.099787-06"
1641706,"Brandon Miller","Brandon","Miller","G",NULL,NULL,NULL,NULL,NULL,"2026-02-12 02:00:35.099787-06"
1631095,"Jabari Smith Jr.","Jabari","Smith Jr.","F",NULL,NULL,NULL,NULL,NULL,"2026-02-12 02:00:40.944456-06"
1642935,"Chucky Hepburn","Chucky","Hepburn","",NULL,NULL,NULL,NULL,NULL,"2026-02-05 14:58:24.915535-06"
1626157,"Karl-Anthony Towns","Karl-Anthony","Towns","C",NULL,NULL,NULL,NULL,NULL,"2026-02-12 02:00:39.315355-06"
1642261,"Dalton Knecht","Dalton","Knecht","",NULL,NULL,NULL,NULL,NULL,"2026-02-15 03:01:37.172365-06"
1630163,"LaMelo Ball","LaMelo","Ball","G",NULL,NULL,NULL,NULL,NULL,"2026-02-12 02:00:35.099787-06"
1629060,"Rui Hachimura","Rui","Hachimura","F",NULL,NULL,NULL,NULL,NULL,"2026-02-15 03:01:37.172365-06"
1630578,"Alperen Sengun","Alperen","Sengun","C",NULL,NULL,NULL,NULL,NULL,"2026-02-12 02:00:40.944456-06"
1630540,"Miles McBride","Miles","McBride","",NULL,NULL,NULL,NULL,NULL,"2026-02-10 13:14:29.095534-06"
1631106,"Tari Eason","Tari","Eason","G",NULL,NULL,NULL,NULL,NULL,"2026-02-12 02:00:40.944456-06"
1642883,"Sion James","Sion","James","",NULL,NULL,NULL,NULL,NULL,"2026-02-12 02:00:35.099787-06"
203486,"Mason Plumlee","Mason","Plumlee","C",NULL,NULL,NULL,NULL,NULL,"2026-02-10 13:14:30.563168-06"
1641708,"Amen Thompson","Amen","Thompson","G",NULL,NULL,NULL,NULL,NULL,"2026-02-12 02:00:40.944456-06"
1627780,"Gary Payton II","Gary","Payton II","",NULL,NULL,NULL,NULL,NULL,"2026-02-12 02:00:45.671318-06"
1642275,"Tidjane Salaün","Tidjane","Salaün","",NULL,NULL,NULL,NULL,NULL,"2026-02-12 02:00:35.099787-06"
1642263,"Reed Sheppard","Reed","Sheppard","",NULL,NULL,NULL,NULL,NULL,"2026-02-12 02:00:40.944456-06"
1630198,"Isaiah Joe","Isaiah","Joe","G",NULL,NULL,NULL,NULL,NULL,"2026-02-15 03:01:35.325254-06"
1630544,"Tre Mann","Tre","Mann","",NULL,NULL,NULL,NULL,NULL,"2026-02-12 02:00:35.099787-06"
1629028,"Deandre Ayton","Deandre","Ayton","",NULL,NULL,NULL,NULL,NULL,"2026-02-10 13:14:32.019353-06"
203110,"Draymond Green","Draymond","Green","C",NULL,NULL,NULL,NULL,NULL,"2026-02-12 02:00:45.671318-06"
1629012,"Collin Sexton","Collin","Sexton","G",NULL,NULL,NULL,NULL,NULL,"2026-02-12 02:00:37.633198-06"
1630228,"Jonathan Kuminga","Jonathan","Kuminga","",NULL,NULL,NULL,NULL,NULL,"2026-02-10 13:14:31.285828-06"
201939,"Stephen Curry","Stephen","Curry","G",NULL,NULL,NULL,NULL,NULL,"2026-02-10 13:14:31.285828-06"
1642366,"Quinten Post","Quinten","Post","",NULL,NULL,NULL,NULL,NULL,"2026-02-12 02:00:45.671318-06"
1629013,"Landry Shamet","Landry","Shamet","G",NULL,NULL,NULL,NULL,NULL,"2026-02-12 02:00:39.315355-06"
1628970,"Miles Bridges","Miles","Bridges","",NULL,NULL,NULL,NULL,NULL,"2026-02-12 02:00:35.099787-06"
1628973,"Jalen Brunson","Jalen","Brunson","G",NULL,NULL,NULL,NULL,NULL,"2026-02-12 02:00:39.315355-06"
202710,"Jimmy Butler III","Jimmy","Butler III","",NULL,NULL,NULL,NULL,NULL,"2026-02-10 13:14:32.723572-06"
203500,"Steven Adams","Steven","Adams","C",NULL,NULL,NULL,NULL,NULL,"2026-02-05 15:08:38.663599-06"
201567,"Kevin Love","Kevin","Love","",NULL,NULL,NULL,NULL,NULL,"2026-02-15 03:01:36.309103-06"
203903,"Jordan Clarkson","Jordan","Clarkson","",NULL,NULL,NULL,NULL,NULL,"2026-02-12 02:00:39.315355-06"
1642954,"Will Richard","Will","Richard","",NULL,NULL,NULL,NULL,NULL,"2026-02-12 02:00:45.671318-06"
1631222,"Jake LaRavia","Jake","LaRavia","G",NULL,NULL,NULL,NULL,NULL,"2026-02-15 03:01:37.172365-06"
1641764,"Brandin Podziemski","Brandin","Podziemski","",NULL,NULL,NULL,NULL,NULL,"2026-02-12 02:00:45.671318-06"
1630256,"Jae'Sean Tate","Jae'Sean","Tate","",NULL,NULL,NULL,NULL,NULL,"2026-02-12 02:00:40.944456-06"
1626192,"Pat Connaughton","Pat","Connaughton","",NULL,NULL,NULL,NULL,NULL,"2026-02-12 02:00:35.099787-06"
203935,"Marcus Smart","Marcus","Smart","G",NULL,NULL,NULL,NULL,NULL,"2026-02-15 03:01:37.172365-06"
1629008,"Michael Porter Jr.","Michael","Porter Jr.","F",NULL,NULL,NULL,NULL,NULL,"2026-02-09 21:40:55.585703-06"
1642879,"Ben Saraf","Ben","Saraf","",NULL,NULL,NULL,NULL,NULL,"2026-02-12 02:00:38.521098-06"
1642281,"Jaylon Tyson","Jaylon","Tyson","F",NULL,NULL,NULL,NULL,NULL,"2026-02-12 02:00:35.956715-06"
1628386,"Jarrett Allen","Jarrett","Allen","C",NULL,NULL,NULL,NULL,NULL,"2026-02-12 02:00:35.956715-06"
1641731,"Bilal Coulibaly","Bilal","Coulibaly","F",NULL,NULL,NULL,NULL,NULL,"2026-02-12 02:00:35.956715-06"
1642933,"Keshon Gilbert","Keshon","Gilbert","",NULL,NULL,NULL,NULL,NULL,"2026-02-12 02:00:35.956715-06"
1627827,"Dorian Finney-Smith","Dorian","Finney-Smith","",NULL,NULL,NULL,NULL,NULL,"2026-02-11 16:39:50.529114-06"
1631120,"JD Davison","JD","Davison","",NULL,NULL,NULL,NULL,NULL,"2026-02-09 21:40:56.624565-06"
1642885,"Mohamed Diawara","Mohamed","Diawara","",NULL,NULL,NULL,NULL,NULL,"2026-02-12 02:00:39.315355-06"
1629011,"Mitchell Robinson","Mitchell","Robinson","",NULL,NULL,NULL,NULL,NULL,"2026-02-12 02:00:39.315355-06"
1642278,"Tyler Kolek","Tyler","Kolek","",NULL,NULL,NULL,NULL,NULL,"2026-02-12 02:00:39.315355-06"
1629029,"Luka Dončić","Luka","Dončić","G",NULL,NULL,NULL,NULL,NULL,"2026-02-10 13:14:31.285828-06"
1642851,"Kon Knueppel","Kon","Knueppel","F",NULL,NULL,NULL,NULL,NULL,"2026-02-12 02:00:35.099787-06"
1641717,"Cason Wallace","Cason","Wallace","G",NULL,NULL,NULL,NULL,NULL,"2026-02-15 03:01:35.325254-06"
1631217,"Moussa Diabaté","Moussa","Diabaté","",NULL,NULL,NULL,NULL,NULL,"2026-02-12 02:00:35.099787-06"
1627741,"Buddy Hield","Buddy","Hield","",NULL,NULL,NULL,NULL,NULL,"2026-02-12 02:00:35.099787-06"
1629216,"Gabe Vincent","Gabe","Vincent","",NULL,NULL,NULL,NULL,NULL,"2026-02-12 02:00:35.099787-06"
1627936,"Alex Caruso","Alex","Caruso","",NULL,NULL,NULL,NULL,NULL,"2026-02-15 03:01:35.325254-06"
203991,"Clint Capela","Clint","Capela","",NULL,NULL,NULL,NULL,NULL,"2026-02-12 02:00:40.944456-06"
1631205,"Buddy Boeheim","Buddy","Boeheim","",NULL,NULL,NULL,NULL,NULL,"2026-02-15 03:01:35.325254-06"
1630526,"Jeremiah Robinson-Earl","Jeremiah","Robinson-Earl","",NULL,NULL,NULL,NULL,NULL,"2026-02-05 15:09:26.372685-06"
1641998,"Trey Jemison III","Trey","Jemison III","",NULL,NULL,NULL,NULL,NULL,"2026-02-11 16:39:49.816555-06"
1629006,"Josh Okogie","Josh","Okogie","",NULL,NULL,NULL,NULL,NULL,"2026-02-12 02:00:40.944456-06"
201145,"Jeff Green","Jeff","Green","",NULL,NULL,NULL,NULL,NULL,"2026-02-12 02:00:40.944456-06"
1628988,"Aaron Holiday","Aaron","Holiday","",NULL,NULL,NULL,NULL,NULL,"2026-02-12 02:00:40.944456-06"
1630625,"Dalano Banton","Dalano","Banton","",NULL,NULL,NULL,NULL,NULL,"2026-02-12 02:00:40.944456-06"
1642354,"KJ Simpson","KJ","Simpson","",NULL,NULL,NULL,NULL,NULL,"2026-02-05 14:58:58.610877-06"
1642862,"Liam McNeeley","Liam","McNeeley","",NULL,NULL,NULL,NULL,NULL,"2026-02-05 15:10:02.171089-06"
1630284,"Kevon Harris","Kevon","Harris","",NULL,NULL,NULL,NULL,NULL,"2026-02-05 14:53:53.19516-06"
1631133,"Jabari Walker","Jabari","Walker","",NULL,NULL,NULL,NULL,NULL,"2026-02-10 13:14:32.019353-06"
1630224,"Jalen Green","Jalen","Green","",NULL,NULL,NULL,NULL,NULL,"2026-02-11 16:39:51.215915-06"
1642843,"Cooper Flagg","Cooper","Flagg","F",NULL,NULL,NULL,NULL,NULL,"2026-02-11 16:39:51.215915-06"
1630230,"Naji Marshall","Naji","Marshall","F",NULL,NULL,NULL,NULL,NULL,"2026-02-15 03:01:37.172365-06"
1629023,"P.J. Washington","P.J.","Washington","F",NULL,NULL,NULL,NULL,NULL,"2026-02-15 03:01:37.172365-06"
1642268,"Isaiah Collier","Isaiah","Collier","G",NULL,NULL,NULL,NULL,NULL,"2026-02-15 03:01:36.309103-06"
1629655,"Daniel Gafford","Daniel","Gafford","C",NULL,NULL,NULL,NULL,NULL,"2026-02-15 03:01:37.172365-06"
1630178,"Tyrese Maxey","Tyrese","Maxey","G",NULL,NULL,NULL,NULL,NULL,"2026-02-12 02:00:39.315355-06"
1642348,"Justin Edwards","Justin","Edwards","",NULL,NULL,NULL,NULL,NULL,"2026-02-12 02:00:39.315355-06"
1631108,"Max Christie","Max","Christie","G",NULL,NULL,NULL,NULL,NULL,"2026-02-15 03:01:37.172365-06"
1630314,"Brandon Williams","Brandon","Williams","G",NULL,NULL,NULL,NULL,NULL,"2026-02-15 03:01:37.172365-06"
1628389,"Bam Adebayo","Bam","Adebayo","F",NULL,NULL,NULL,NULL,NULL,"2026-02-12 02:00:42.550391-06"
202691,"Klay Thompson","Klay","Thompson","",NULL,NULL,NULL,NULL,NULL,"2026-02-15 03:01:37.172365-06"
1642276,"Kel'el Ware","Kel'el","Ware","C",NULL,NULL,NULL,NULL,NULL,"2026-02-12 02:00:42.550391-06"
1631323,"Simone Fontecchio","Simone","Fontecchio","G",NULL,NULL,NULL,NULL,NULL,"2026-02-12 02:00:42.550391-06"
1630243,"Trevelin Queen","Trevelin","Queen","",NULL,NULL,NULL,NULL,NULL,"2026-02-10 13:14:28.356643-06"
1626181,"Norman Powell","Norman","Powell","",NULL,NULL,NULL,NULL,NULL,"2026-02-09 21:41:12.577212-06"
1631094,"Paolo Banchero","Paolo","Banchero","F",NULL,NULL,NULL,NULL,NULL,"2026-02-12 02:00:36.780389-06"
1641780,"Johni Broome","Johni","Broome","",NULL,NULL,NULL,NULL,NULL,"2026-02-12 02:00:39.315355-06"
1630558,"Davion Mitchell","Davion","Mitchell","G",NULL,NULL,NULL,NULL,NULL,"2026-02-12 02:00:42.550391-06"
1631170,"Jaime Jaquez Jr.","Jaime","Jaquez Jr.","",NULL,NULL,NULL,NULL,NULL,"2026-02-12 02:00:42.550391-06"
1628976,"Wendell Carter Jr.","Wendell","Carter Jr.","C",NULL,NULL,NULL,NULL,NULL,"2026-02-12 02:00:36.780389-06"
1629312,"Haywood Highsmith","Haywood","Highsmith","F",NULL,NULL,NULL,NULL,NULL,"2026-02-10 13:14:32.723572-06"
203482,"Kelly Olynyk","Kelly","Olynyk","",NULL,NULL,NULL,NULL,NULL,"2026-02-12 02:00:45.671318-06"
1642857,"Kasparas Jakučionis","Kasparas","Jakučionis","",NULL,NULL,NULL,NULL,NULL,"2026-02-12 02:00:42.550391-06"
1641710,"Anthony Black","Anthony","Black","G",NULL,NULL,NULL,NULL,NULL,"2026-02-12 02:00:36.780389-06"
1630322,"Lindy Waters III","Lindy","Waters III","",NULL,NULL,NULL,NULL,NULL,"2026-02-10 13:14:31.285828-06"
1630591,"Jalen Suggs","Jalen","Suggs","G",NULL,NULL,NULL,NULL,NULL,"2026-02-12 02:00:36.780389-06"
1641783,"Tristan da Silva","Tristan","da Silva","",NULL,NULL,NULL,NULL,NULL,"2026-02-12 02:00:36.780389-06"
1630532,"Franz Wagner","Franz","Wagner","",NULL,NULL,NULL,NULL,NULL,"2026-02-12 02:00:36.780389-06"
1627742,"Brandon Ingram","Brandon","Ingram","F",NULL,NULL,NULL,NULL,NULL,"2026-02-12 02:00:40.145718-06"
1630619,"Moussa Cisse","Moussa","Cisse","",NULL,NULL,NULL,NULL,NULL,"2026-02-06 08:34:15.552732-06"
1627751,"Jakob Poeltl","Jakob","Poeltl","C",NULL,NULL,NULL,NULL,NULL,"2026-02-12 02:00:40.145718-06"
1629048,"Goga Bitadze","Goga","Bitadze","",NULL,NULL,NULL,NULL,NULL,"2026-02-12 02:00:36.780389-06"
1642272,"Jared McCain","Jared","McCain","",NULL,NULL,NULL,NULL,NULL,"2026-02-15 03:01:35.325254-06"
1628371,"Jonathan Isaac","Jonathan","Isaac","",NULL,NULL,NULL,NULL,NULL,"2026-02-12 02:00:36.780389-06"
204001,"Kristaps Porziņģis","Kristaps","Porziņģis","",NULL,NULL,NULL,NULL,NULL,"2026-02-12 02:00:45.671318-06"
1641726,"Dereck Lively II","Dereck","Lively II","",NULL,NULL,NULL,NULL,NULL,"2026-02-10 13:14:31.285828-06"
1631110,"Jeremy Sochan","Jeremy","Sochan","",NULL,NULL,NULL,NULL,NULL,"2026-02-11 16:39:51.906771-06"
1631213,"Tyrese Martin","Tyrese","Martin","",NULL,NULL,NULL,NULL,NULL,"2026-02-05 15:10:39.485509-06"
1631107,"Nikola Jović","Nikola","Jović","",NULL,NULL,NULL,NULL,NULL,"2026-02-12 02:00:42.550391-06"
1630577,"Julian Champagnie","Julian","Champagnie","F",NULL,NULL,NULL,NULL,NULL,"2026-02-12 02:00:45.671318-06"
1642849,"Nolan Traore","Nolan","Traore","G",NULL,NULL,NULL,NULL,NULL,"2026-02-12 02:00:38.521098-06"
1642874,"Danny Wolf","Danny","Wolf","",NULL,NULL,NULL,NULL,NULL,"2026-02-12 02:00:38.521098-06"
1629656,"Quentin Grimes","Quentin","Grimes","",NULL,NULL,NULL,NULL,NULL,"2026-02-10 13:14:31.285828-06"
1642258,"Zaccharie Risacher","Zaccharie","Risacher","F",NULL,NULL,NULL,NULL,NULL,"2026-02-12 02:00:35.099787-06"
1626179,"Terry Rozier","Terry","Rozier","G",NULL,NULL,NULL,NULL,NULL,"2026-02-10 13:14:32.723572-06"
1642876,"Adou Thiero","Adou","Thiero","",NULL,NULL,NULL,NULL,NULL,"2026-02-15 03:01:37.172365-06"
1642884,"Vladislav Goldin","Vladislav","Goldin","",NULL,NULL,NULL,NULL,NULL,"2026-02-12 02:00:42.550391-06"
203076,"Anthony Davis","Anthony","Davis","F",NULL,NULL,NULL,NULL,NULL,"2026-02-05 15:04:04.535289-06"
1628369,"Jayson Tatum","Jayson","Tatum","F",NULL,NULL,NULL,NULL,NULL,"2026-02-10 13:14:26.800284-06"
1630592,"Jalen Wilson","Jalen","Wilson","",NULL,NULL,NULL,NULL,NULL,"2026-02-12 02:00:38.521098-06"
1642352,"Keshad Johnson","Keshad","Johnson","",NULL,NULL,NULL,NULL,NULL,"2026-02-12 02:00:42.550391-06"
1642962,"Drake Powell","Drake","Powell","",NULL,NULL,NULL,NULL,NULL,"2026-02-12 02:00:38.521098-06"
1630173,"Precious Achiuwa","Precious","Achiuwa","F",NULL,NULL,NULL,NULL,NULL,"2026-02-12 02:00:44.108723-06"
1626196,"Josh Richardson","Josh","Richardson","",NULL,NULL,NULL,NULL,NULL,"2026-02-10 13:14:32.723572-06"
203952,"Andrew Wiggins","Andrew","Wiggins","",NULL,NULL,NULL,NULL,NULL,"2026-02-12 02:00:42.550391-06"
1629636,"Darius Garland","Darius","Garland","G",NULL,NULL,NULL,NULL,NULL,"2026-02-05 15:04:48.090068-06"
1631230,"Dominick Barlow","Dominick","Barlow","F",NULL,NULL,NULL,NULL,NULL,"2026-02-12 02:00:39.315355-06"
1631223,"David Roddy","David","Roddy","",NULL,NULL,NULL,NULL,NULL,"2026-02-10 13:14:26.800284-06"
1630217,"Desmond Bane","Desmond","Bane","F",NULL,NULL,NULL,NULL,NULL,"2026-02-12 02:00:36.780389-06"
200768,"Kyle Lowry","Kyle","Lowry","",NULL,NULL,NULL,NULL,NULL,"2026-02-12 02:00:39.315355-06"
1642845,"VJ Edgecombe","VJ","Edgecombe","G",NULL,NULL,NULL,NULL,NULL,"2026-02-12 02:00:39.315355-06"
201959,"Taj Gibson","Taj","Gibson","C",NULL,NULL,NULL,NULL,NULL,"2026-02-10 13:14:28.356643-06"
203084,"Harrison Barnes","Harrison","Barnes","",NULL,NULL,NULL,NULL,NULL,"2026-02-12 02:00:45.671318-06"
1627736,"Malik Beasley","Malik","Beasley","",NULL,NULL,NULL,NULL,NULL,"2026-02-10 13:14:27.630613-06"
1628998,"Cody Martin","Cody","Martin","",NULL,NULL,NULL,NULL,NULL,"2026-02-10 13:14:28.356643-06"
203995,"Vasilije Micić","Vasilije","Micić","",NULL,NULL,NULL,NULL,NULL,"2026-02-10 13:14:28.356643-06"
1631197,"Jared Rhoden","Jared","Rhoden","",NULL,NULL,NULL,NULL,NULL,"2026-02-10 13:14:28.356643-06"
202692,"Alec Burks","Alec","Burks","",NULL,NULL,NULL,NULL,NULL,"2026-02-10 13:14:32.723572-06"
1630346,"Matt Ryan","Matt","Ryan","",NULL,NULL,NULL,NULL,NULL,"2026-02-10 13:14:29.095534-06"
1626166,"Cameron Payne","Cameron","Payne","",NULL,NULL,NULL,NULL,NULL,"2026-02-10 13:14:29.095534-06"
1642359,"Pacôme Dadiet","Pacôme","Dadiet","",NULL,NULL,NULL,NULL,NULL,"2026-02-10 13:14:29.095534-06"
1641796,"Pelle Larsson","Pelle","Larsson","",NULL,NULL,NULL,NULL,NULL,"2026-02-10 13:14:32.723572-06"
202709,"Cory Joseph","Cory","Joseph","",NULL,NULL,NULL,NULL,NULL,"2026-02-10 13:14:33.453327-06"
203954,"Joel Embiid","Joel","Embiid","C",NULL,NULL,NULL,NULL,NULL,"2026-02-10 13:14:33.453327-06"
1631103,"Malaki Branham","Malaki","Branham","",NULL,NULL,NULL,NULL,NULL,"2026-02-05 15:10:38.442634-06"
1642917,"Max Shulga","Max","Shulga","",NULL,NULL,NULL,NULL,NULL,"2026-02-05 15:10:48.916282-06"
1642050,"Jackson Rowe","Jackson","Rowe","",NULL,NULL,NULL,NULL,NULL,"2026-02-05 14:55:56.587075-06"
1642907,"Cedric Coward","Cedric","Coward","G",NULL,NULL,NULL,NULL,NULL,"2026-02-10 00:01:15.875436-06"
1630188,"Jalen Smith","Jalen","Smith","C",NULL,NULL,NULL,NULL,NULL,"2026-02-06 08:34:13.669617-06"
1626162,"Kelly Oubre Jr.","Kelly","Oubre Jr.","F",NULL,NULL,NULL,NULL,NULL,"2026-02-12 02:00:39.315355-06"
203999,"Nikola Jokić","Nikola","Jokić","C",NULL,NULL,NULL,NULL,NULL,"2026-02-12 02:00:44.869205-06"
1629684,"Grant Williams","Grant","Williams","F",NULL,NULL,NULL,NULL,NULL,"2026-02-12 02:00:35.099787-06"
1627750,"Jamal Murray","Jamal","Murray","G",NULL,NULL,NULL,NULL,NULL,"2026-02-12 02:00:44.869205-06"
1641724,"Jett Howard","Jett","Howard","",NULL,NULL,NULL,NULL,NULL,"2026-02-10 13:14:33.453327-06"
202331,"Paul George","Paul","George","F",NULL,NULL,NULL,NULL,NULL,"2026-02-10 13:14:33.453327-06"
1626153,"Delon Wright","Delon","Wright","",NULL,NULL,NULL,NULL,NULL,"2026-02-10 13:14:29.835625-06"
202696,"Nikola Vučević","Nikola","Vučević","",NULL,NULL,NULL,NULL,NULL,"2026-02-12 02:00:37.633198-06"
1641709,"Ausar Thompson","Ausar","Thompson","F",NULL,NULL,NULL,NULL,NULL,"2026-02-12 02:00:40.145718-06"
1630568,"Luka Garza","Luka","Garza","",NULL,NULL,NULL,NULL,NULL,"2026-02-12 02:00:37.633198-06"
1628991,"Jaren Jackson Jr.","Jaren","Jackson Jr.","F",NULL,NULL,NULL,NULL,NULL,"2026-02-12 02:00:44.108723-06"
1629723,"John Konchar","John","Konchar","",NULL,NULL,NULL,NULL,NULL,"2026-02-15 03:01:36.309103-06"
1628975,"Jevon Carter","Jevon","Carter","",NULL,NULL,NULL,NULL,NULL,"2026-02-12 02:00:36.780389-06"
1628981,"Bruno Fernando","Bruno","Fernando","",NULL,NULL,NULL,NULL,NULL,"2026-02-10 13:14:29.835625-06"
201988,"Patty Mills","Patty","Mills","",NULL,NULL,NULL,NULL,NULL,"2026-02-10 13:14:30.563168-06"
1631096,"Chet Holmgren","Chet","Holmgren","C",NULL,NULL,NULL,NULL,NULL,"2026-02-15 03:01:35.325254-06"
1630245,"Ayo Dosunmu","Ayo","Dosunmu","",NULL,NULL,NULL,NULL,NULL,"2026-02-12 02:00:41.750654-06"
1630182,"Josh Green","Josh","Green","",NULL,NULL,NULL,NULL,NULL,"2026-02-12 02:00:35.099787-06"
1630180,"Saddiq Bey","Saddiq","Bey","F",NULL,NULL,NULL,NULL,NULL,"2026-02-12 02:00:42.550391-06"
1641705,"Victor Wembanyama","Victor","Wembanyama","C",NULL,NULL,NULL,NULL,NULL,"2026-02-12 02:00:45.671318-06"
1629627,"Zion Williamson","Zion","Williamson","F",NULL,NULL,NULL,NULL,NULL,"2026-02-12 02:00:42.550391-06"
1629626,"Bol Bol","Bol","Bol","",NULL,NULL,NULL,NULL,NULL,"2026-02-10 13:14:30.563168-06"
202699,"Tobias Harris","Tobias","Harris","F",NULL,NULL,NULL,NULL,NULL,"2026-02-12 02:00:40.145718-06"
1630288,"Jeff Dowtin Jr.","Jeff","Dowtin Jr.","",NULL,NULL,NULL,NULL,NULL,"2026-02-10 13:14:33.453327-06"
1642484,"RayJ Dennis","RayJ","Dennis","",NULL,NULL,NULL,NULL,NULL,"2026-02-05 15:08:24.592144-06"
1642852,"Derik Queen","Derik","Queen","C",NULL,NULL,NULL,NULL,NULL,"2026-02-12 02:00:42.550391-06"
1627814,"Damion Lee","Damion","Lee","",NULL,NULL,NULL,NULL,NULL,"2026-02-10 13:14:30.563168-06"
1629130,"Duncan Robinson","Duncan","Robinson","G",NULL,NULL,NULL,NULL,NULL,"2026-02-12 02:00:40.145718-06"
1630595,"Cade Cunningham","Cade","Cunningham","G",NULL,NULL,NULL,NULL,NULL,"2026-02-12 02:00:40.145718-06"
1630171,"Isaac Okoro","Isaac","Okoro","F",NULL,NULL,NULL,NULL,NULL,"2026-02-09 21:41:11.533772-06"
1630531,"Jaden Springer","Jaden","Springer","",NULL,NULL,NULL,NULL,NULL,"2026-02-05 14:52:20.069152-06"
1630530,"Trey Murphy III","Trey","Murphy III","G",NULL,NULL,NULL,NULL,NULL,"2026-02-12 02:00:42.550391-06"
202681,"Kyrie Irving","Kyrie","Irving","G",NULL,NULL,NULL,NULL,NULL,"2026-02-10 13:14:31.285828-06"
201569,"Eric Gordon","Eric","Gordon","",NULL,NULL,NULL,NULL,NULL,"2026-02-10 13:14:33.453327-06"
1630529,"Herbert Jones","Herbert","Jones","G",NULL,NULL,NULL,NULL,NULL,"2026-02-12 02:00:42.550391-06"
1630583,"Santi Aldama","Santi","Aldama","C",NULL,NULL,NULL,NULL,NULL,"2026-02-05 15:10:51.949275-06"
203501,"Tim Hardaway Jr.","Tim","Hardaway Jr.","",NULL,NULL,NULL,NULL,NULL,"2026-02-12 02:00:44.869205-06"
203915,"Spencer Dinwiddie","Spencer","Dinwiddie","",NULL,NULL,NULL,NULL,NULL,"2026-02-10 13:14:31.285828-06"
1642914,"Javon Small","Javon","Small","",NULL,NULL,NULL,NULL,NULL,"2026-02-10 00:01:15.875436-06"
1630598,"Aaron Wiggins","Aaron","Wiggins","",NULL,NULL,NULL,NULL,NULL,"2026-02-15 03:01:35.325254-06"
1628971,"Bruce Brown","Bruce","Brown","",NULL,NULL,NULL,NULL,NULL,"2026-02-12 02:00:44.869205-06"
1630556,"Kessler Edwards","Kessler","Edwards","",NULL,NULL,NULL,NULL,NULL,"2026-02-10 13:14:31.285828-06"
202693,"Markieff Morris","Markieff","Morris","",NULL,NULL,NULL,NULL,NULL,"2026-02-10 13:14:31.285828-06"
202685,"Jonas Valančiūnas","Jonas","Valančiūnas","",NULL,NULL,NULL,NULL,NULL,"2026-02-12 02:00:44.869205-06"
1628392,"Isaiah Hartenstein","Isaiah","Hartenstein","C",NULL,NULL,NULL,NULL,NULL,"2026-02-12 02:00:43.358072-06"
1629645,"Kevin Porter Jr.","Kevin","Porter Jr.","G",NULL,NULL,NULL,NULL,NULL,"2026-02-15 03:01:35.325254-06"
1627747,"Caris LeVert","Caris","LeVert","",NULL,NULL,NULL,NULL,NULL,"2026-02-12 02:00:40.145718-06"
1642847,"Jeremiah Fears","Jeremiah","Fears","",NULL,NULL,NULL,NULL,NULL,"2026-02-12 02:00:42.550391-06"
1641842,"Ronald Holland II","Ronald","Holland II","",NULL,NULL,NULL,NULL,NULL,"2026-02-10 13:14:27.630613-06"
1629673,"Jordan Poole","Jordan","Poole","",NULL,NULL,NULL,NULL,NULL,"2026-02-12 02:00:42.550391-06"
1641809,"Drew Peterson","Drew","Peterson","",NULL,NULL,NULL,NULL,NULL,"2026-02-10 13:14:26.800284-06"
1642377,"Jaylen Wells","Jaylen","Wells","G",NULL,NULL,NULL,NULL,NULL,"2026-02-12 02:00:44.869205-06"
1642461,"Spencer Jones","Spencer","Jones","F",NULL,NULL,NULL,NULL,NULL,"2026-02-05 15:10:46.888631-06"
203083,"Andre Drummond","Andre","Drummond","",NULL,NULL,NULL,NULL,NULL,"2026-02-12 02:00:39.315355-06"
1628989,"Kevin Huerter","Kevin","Huerter","",NULL,NULL,NULL,NULL,NULL,"2026-02-12 02:00:40.145718-06"
1630174,"Aaron Nesmith","Aaron","Nesmith","",NULL,NULL,NULL,NULL,NULL,"2026-02-12 02:00:38.521098-06"
1631207,"Dalen Terry","Dalen","Terry","",NULL,NULL,NULL,NULL,NULL,"2026-02-12 02:00:39.315355-06"
1641790,"PJ Hall","PJ","Hall","",NULL,NULL,NULL,NULL,NULL,"2026-02-12 02:00:35.099787-06"
1630172,"Patrick Williams","Patrick","Williams","F",NULL,NULL,NULL,NULL,NULL,"2026-02-12 02:00:37.633198-06"
1628408,"PJ Dozier","PJ","Dozier","",NULL,NULL,NULL,NULL,NULL,"2026-02-10 13:14:32.019353-06"
1629632,"Coby White","Coby","White","",NULL,NULL,NULL,NULL,NULL,"2026-02-09 21:40:59.71186-06"
1629111,"Jock Landale","Jock","Landale","",NULL,NULL,NULL,NULL,NULL,"2026-02-12 02:00:35.099787-06"
1641765,"Olivier-Maxence Prosper","Olivier-Maxence","Prosper","",NULL,NULL,NULL,NULL,NULL,"2026-02-12 02:00:44.869205-06"
203484,"Kentavious Caldwell-Pope","Kentavious","Caldwell-Pope","",NULL,NULL,NULL,NULL,NULL,"2026-02-12 02:00:44.869205-06"
1641824,"Matas Buzelis","Matas","Buzelis","F",NULL,NULL,NULL,NULL,NULL,"2026-02-12 02:00:37.633198-06"
1630621,"Hunter Dickinson","Hunter","Dickinson","",NULL,NULL,NULL,NULL,NULL,"2026-02-05 14:57:36.706719-06"
1631105,"Jalen Duren","Jalen","Duren","",NULL,NULL,NULL,NULL,NULL,"2026-02-12 02:00:40.145718-06"
1631097,"Bennedict Mathurin","Bennedict","Mathurin","",NULL,NULL,NULL,NULL,NULL,"2026-02-12 02:00:40.944456-06"
1626145,"Tyus Jones","Tyus","Jones","",NULL,NULL,NULL,NULL,NULL,"2026-02-15 03:01:37.172365-06"
1630581,"Josh Giddey","Josh","Giddey","",NULL,NULL,NULL,NULL,NULL,"2026-02-12 02:00:37.633198-06"
1630164,"James Wiseman","James","Wiseman","",NULL,NULL,NULL,NULL,NULL,"2026-02-05 14:59:39.925017-06"
1628436,"Luke Kornet","Luke","Kornet","",NULL,NULL,NULL,NULL,NULL,"2026-02-12 02:00:45.671318-06"
1630639,"A.J. Lawson","A.J.","Lawson","",NULL,NULL,NULL,NULL,NULL,"2026-02-09 21:41:08.599668-06"
1630231,"KJ Martin","KJ","Martin","",NULL,NULL,NULL,NULL,NULL,"2026-02-10 13:14:33.453327-06"
1641741,"Ricky Council IV","Ricky","Council IV","",NULL,NULL,NULL,NULL,NULL,"2026-02-10 13:14:33.453327-06"
1630200,"Tre Jones","Tre","Jones","",NULL,NULL,NULL,NULL,NULL,"2026-02-12 02:00:37.633198-06"
1630169,"Tyrese Haliburton","Tyrese","Haliburton","G",NULL,NULL,NULL,NULL,NULL,"2026-02-10 13:14:32.723572-06"
203932,"Aaron Gordon","Aaron","Gordon","",NULL,NULL,NULL,NULL,NULL,"2026-02-05 15:10:03.193001-06"
1641744,"Zach Edey","Zach","Edey","",NULL,NULL,NULL,NULL,NULL,"2026-02-05 14:59:18.595416-06"
1642277,"Johnny Furphy","Johnny","Furphy","",NULL,NULL,NULL,NULL,NULL,"2026-02-10 13:14:32.723572-06"
201949,"James Johnson","James","Johnson","",NULL,NULL,NULL,NULL,NULL,"2026-02-10 13:14:32.723572-06"
1630631,"Jose Alvarado","Jose","Alvarado","",NULL,NULL,NULL,NULL,NULL,"2026-02-12 02:00:39.315355-06"
1630574,"Ariel Hukporti","Ariel","Hukporti","",NULL,NULL,NULL,NULL,NULL,"2026-02-12 02:00:39.315355-06"
1630191,"Isaiah Stewart","Isaiah","Stewart","",NULL,NULL,NULL,NULL,NULL,"2026-02-12 02:00:40.145718-06"
1629630,"Ja Morant","Ja","Morant","G",NULL,NULL,NULL,NULL,NULL,"2026-02-05 15:08:59.739295-06"
1630183,"Jaden McDaniels","Jaden","McDaniels","F",NULL,NULL,NULL,NULL,NULL,"2026-02-12 02:00:41.750654-06"
203944,"Julius Randle","Julius","Randle","F",NULL,NULL,NULL,NULL,NULL,"2026-02-12 02:00:41.750654-06"
1642345,"Oso Ighodaro","Oso","Ighodaro","",NULL,NULL,NULL,NULL,NULL,"2026-02-12 02:00:43.358072-06"
203497,"Rudy Gobert","Rudy","Gobert","C",NULL,NULL,NULL,NULL,NULL,"2026-02-12 02:00:41.750654-06"
1642346,"Ryan Dunn","Ryan","Dunn","",NULL,NULL,NULL,NULL,NULL,"2026-02-12 02:00:43.358072-06"
203924,"Jerami Grant","Jerami","Grant","G",NULL,NULL,NULL,NULL,NULL,"2026-02-15 03:01:36.309103-06"
201950,"Jrue Holiday","Jrue","Holiday","G",NULL,NULL,NULL,NULL,NULL,"2026-02-15 03:01:36.309103-06"
1641712,"Rayan Rupert","Rayan","Rupert","",NULL,NULL,NULL,NULL,NULL,"2026-02-15 03:01:36.309103-06"
1626164,"Devin Booker","Devin","Booker","G",NULL,NULL,NULL,NULL,NULL,"2026-02-11 16:39:51.215915-06"
1629628,"RJ Barrett","RJ","Barrett","G",NULL,NULL,NULL,NULL,NULL,"2026-02-12 02:00:40.145718-06"
1630193,"Immanuel Quickley","Immanuel","Quickley","G",NULL,NULL,NULL,NULL,NULL,"2026-02-12 02:00:40.145718-06"
1642853,"Rasheer Fleming","Rasheer","Fleming","",NULL,NULL,NULL,NULL,NULL,"2026-02-12 02:00:43.358072-06"
1630208,"Nick Richards","Nick","Richards","",NULL,NULL,NULL,NULL,NULL,"2026-02-12 02:00:37.633198-06"
1642875,"Maxime Raynaud","Maxime","Raynaud","C",NULL,NULL,NULL,NULL,NULL,"2026-02-12 02:00:44.108723-06"
1642886,"Koby Brea","Koby","Brea","",NULL,NULL,NULL,NULL,NULL,"2026-02-12 02:00:43.358072-06"
1627826,"Ivica Zubac","Ivica","Zubac","C",NULL,NULL,NULL,NULL,NULL,"2026-02-05 15:10:35.388433-06"
1642363,"Nique Clifford","Nique","Clifford","G",NULL,NULL,NULL,NULL,NULL,"2026-02-12 02:00:44.108723-06"
1642269,"Devin Carter","Devin","Carter","G",NULL,NULL,NULL,NULL,NULL,"2026-02-12 02:00:44.108723-06"
203078,"Bradley Beal","Bradley","Beal","F",NULL,NULL,NULL,NULL,NULL,"2026-02-10 13:14:30.563168-06"
1630572,"Sandro Mamukelashvili","Sandro","Mamukelashvili","",NULL,NULL,NULL,NULL,NULL,"2026-02-12 02:00:40.145718-06"
1630587,"Isaiah Livers","Isaiah","Livers","",NULL,NULL,NULL,NULL,NULL,"2026-02-06 08:34:16.487218-06"
1641738,"Kobe Brown","Kobe","Brown","F",NULL,NULL,NULL,NULL,NULL,"2026-02-12 02:00:38.521098-06"
1641711,"Gradey Dick","Gradey","Dick","",NULL,NULL,NULL,NULL,NULL,"2026-02-12 02:00:40.145718-06"
1641737,"Adem Bona","Adem","Bona","C",NULL,NULL,NULL,NULL,NULL,"2026-02-12 02:00:39.315355-06"
1630703,"Scoot Henderson","Scoot","Henderson","",NULL,NULL,NULL,NULL,NULL,"2026-02-15 03:01:36.309103-06"
202695,"Kawhi Leonard","Kawhi","Leonard","F",NULL,NULL,NULL,NULL,NULL,"2026-02-12 02:00:40.944456-06"
201935,"James Harden","James","Harden","G",NULL,NULL,NULL,NULL,NULL,"2026-02-12 02:00:35.956715-06"
1628381,"John Collins","John","Collins","F",NULL,NULL,NULL,NULL,NULL,"2026-02-12 02:00:40.944456-06"
1627884,"Derrick Jones Jr.","Derrick","Jones Jr.","G",NULL,NULL,NULL,NULL,NULL,"2026-02-12 02:00:40.944456-06"
1641871,"Duop Reath","Duop","Reath","",NULL,NULL,NULL,NULL,NULL,"2026-02-10 13:14:32.019353-06"
203897,"Zach LaVine","Zach","LaVine","G",NULL,NULL,NULL,NULL,NULL,"2026-02-09 21:40:54.552719-06"
1627739,"Kris Dunn","Kris","Dunn","G",NULL,NULL,NULL,NULL,NULL,"2026-02-12 02:00:40.944456-06"
1642905,"Hansen Yang","Hansen","Yang","",NULL,NULL,NULL,NULL,NULL,"2026-02-15 03:01:36.309103-06"
1631165,"Keon Ellis","Keon","Ellis","",NULL,NULL,NULL,NULL,NULL,"2026-02-12 02:00:35.956715-06"
1631104,"Blake Wesley","Blake","Wesley","",NULL,NULL,NULL,NULL,NULL,"2026-02-15 03:01:36.309103-06"
1628960,"Grayson Allen","Grayson","Allen","",NULL,NULL,NULL,NULL,NULL,"2026-02-10 13:14:30.563168-06"
203081,"Damian Lillard","Damian","Lillard","",NULL,NULL,NULL,NULL,NULL,"2026-02-05 15:00:14.984165-06"
203471,"Dennis Schröder","Dennis","Schröder","",NULL,NULL,NULL,NULL,NULL,"2026-02-12 02:00:35.956715-06"
1628420,"Monté Morris","Monté","Morris","",NULL,NULL,NULL,NULL,NULL,"2026-02-10 13:14:30.563168-06"
1631342,"Daeqwon Plowden","Daeqwon","Plowden","",NULL,NULL,NULL,NULL,NULL,"2026-02-12 02:00:44.108723-06"
1642949,"Yanic Konan Niederhäuser","Yanic Konan","Niederhäuser","",NULL,NULL,NULL,NULL,NULL,"2026-02-12 02:00:40.944456-06"
1630166,"Deni Avdija","Deni","Avdija","",NULL,NULL,NULL,NULL,NULL,"2026-02-15 03:01:36.309103-06"
1642920,"Kobe Sanders","Kobe","Sanders","",NULL,NULL,NULL,NULL,NULL,"2026-02-12 02:00:40.944456-06"
1631101,"Shaedon Sharpe","Shaedon","Sharpe","",NULL,NULL,NULL,NULL,NULL,"2026-02-15 03:01:36.309103-06"
203992,"Bogdan Bogdanović","Bogdan","Bogdanović","",NULL,NULL,NULL,NULL,NULL,"2026-02-12 02:00:40.944456-06"
1642353,"Cam Christie","Cam","Christie","",NULL,NULL,NULL,NULL,NULL,"2026-02-12 02:00:40.944456-06"
1631200,"Kris Murray","Kris","Murray","",NULL,NULL,NULL,NULL,NULL,"2026-02-12 02:00:41.750654-06"
203114,"Khris Middleton","Khris","Middleton","",NULL,NULL,NULL,NULL,NULL,"2026-02-15 03:01:37.172365-06"
1628374,"Lauri Markkanen","Lauri","Markkanen","F",NULL,NULL,NULL,NULL,NULL,"2026-02-12 02:00:44.108723-06"
1642273,"Kyshawn George","Kyshawn","George","F",NULL,NULL,NULL,NULL,NULL,"2026-02-12 02:00:35.956715-06"
201942,"DeMar DeRozan","DeMar","DeRozan","F",NULL,NULL,NULL,NULL,NULL,"2026-02-12 02:00:44.108723-06"
201572,"Brook Lopez","Brook","Lopez","C",NULL,NULL,NULL,NULL,NULL,"2026-02-12 02:00:40.944456-06"
1642259,"Alex Sarr","Alex","Sarr","C",NULL,NULL,NULL,NULL,NULL,"2026-02-09 21:41:07.619977-06"
1629680,"Matisse Thybulle","Matisse","Thybulle","",NULL,NULL,NULL,NULL,NULL,"2026-02-12 02:00:41.750654-06"
1630567,"Scottie Barnes","Scottie","Barnes","F",NULL,NULL,NULL,NULL,NULL,"2026-02-12 02:00:40.145718-06"
1628415,"Dillon Brooks","Dillon","Brooks","F",NULL,NULL,NULL,NULL,NULL,"2026-02-12 02:00:43.358072-06"
201587,"Nicolas Batum","Nicolas","Batum","",NULL,NULL,NULL,NULL,NULL,"2026-02-11 16:39:50.529114-06"
203468,"CJ McCollum","CJ","McCollum","",NULL,NULL,NULL,NULL,NULL,"2026-02-12 02:00:35.099787-06"
1626220,"Royce O'Neale","Royce","O'Neale","F",NULL,NULL,NULL,NULL,NULL,"2026-02-12 02:00:43.358072-06"
1641739,"Toumani Camara","Toumani","Camara","F",NULL,NULL,NULL,NULL,NULL,"2026-02-15 03:01:36.309103-06"
1642848,"Tre Johnson","Tre","Johnson","G",NULL,NULL,NULL,NULL,NULL,"2026-02-12 02:00:35.956715-06"
1628370,"Malik Monk","Malik","Monk","",NULL,NULL,NULL,NULL,NULL,"2026-02-09 21:40:54.552719-06"
203967,"Dario Šarić","Dario","Šarić","",NULL,NULL,NULL,NULL,NULL,"2026-02-05 15:10:08.293956-06"
101108,"Chris Paul","Chris","Paul","",NULL,NULL,NULL,NULL,NULL,"2026-02-05 14:57:28.567632-06"
1641815,"Isaiah Stevens","Isaiah","Stevens","",NULL,NULL,NULL,NULL,NULL,"2026-02-12 02:00:44.108723-06"
1642928,"Dylan Cardwell","Dylan","Cardwell","",NULL,NULL,NULL,NULL,NULL,"2026-02-12 02:00:44.108723-06"
1642267,"Bub Carrington","Bub","Carrington","G",NULL,NULL,NULL,NULL,NULL,"2026-02-12 02:00:35.956715-06"
203926,"Doug McDermott","Doug","McDermott","",NULL,NULL,NULL,NULL,NULL,"2026-02-12 02:00:44.108723-06"
201566,"Russell Westbrook","Russell","Westbrook","G",NULL,NULL,NULL,NULL,NULL,"2026-02-09 23:26:59.34344-06"
1629234,"Drew Eubanks","Drew","Eubanks","",NULL,NULL,NULL,NULL,NULL,"2026-02-12 02:00:44.108723-06"
1642270,"Donovan Clingan","Donovan","Clingan","C",NULL,NULL,NULL,NULL,NULL,"2026-02-15 03:01:36.309103-06"
1628368,"De'Aaron Fox","De'Aaron","Fox","G",NULL,NULL,NULL,NULL,NULL,"2026-02-12 02:00:45.671318-06"
202704,"Reggie Jackson","Reggie","Jackson","",NULL,NULL,NULL,NULL,NULL,"2026-02-10 13:14:33.453327-06"
1631109,"Mark Williams","Mark","Williams","C",NULL,NULL,NULL,NULL,NULL,"2026-02-12 02:00:43.358072-06"
1631221,"Collin Gillespie","Collin","Gillespie","G",NULL,NULL,NULL,NULL,NULL,"2026-02-12 02:00:43.358072-06"
1629675,"Naz Reid","Naz","Reid","",NULL,NULL,NULL,NULL,NULL,"2026-02-12 02:00:41.750654-06"
1641772,"Nae'Qwan Tomlin","Nae'Qwan","Tomlin","",NULL,NULL,NULL,NULL,NULL,"2026-02-12 02:00:35.956715-06"
1641854,"Craig Porter Jr.","Craig","Porter Jr.","",NULL,NULL,NULL,NULL,NULL,"2026-02-12 02:00:35.956715-06"
1630700,"Dyson Daniels","Dyson","Daniels","G",NULL,NULL,NULL,NULL,NULL,"2026-02-12 02:00:35.099787-06"
1642878,"Tyrese Proctor","Tyrese","Proctor","",NULL,NULL,NULL,NULL,NULL,"2026-02-12 02:00:35.956715-06"
1629637,"Jaxson Hayes","Jaxson","Hayes","C",NULL,NULL,NULL,NULL,NULL,"2026-02-15 03:01:37.172365-06"
1629018,"Gary Trent Jr.","Gary","Trent Jr.","",NULL,NULL,NULL,NULL,NULL,"2026-02-15 03:01:35.325254-06"
1630538,"Bones Hyland","Bones","Hyland","",NULL,NULL,NULL,NULL,NULL,"2026-02-12 02:00:41.750654-06"
1628379,"Luke Kennard","Luke","Kennard","",NULL,NULL,NULL,NULL,NULL,"2026-02-15 03:01:37.172365-06"
1630573,"Sam Hauser","Sam","Hauser","F",NULL,NULL,NULL,NULL,NULL,"2026-02-12 02:00:37.633198-06"
1626204,"Larry Nance Jr.","Larry","Nance Jr.","",NULL,NULL,NULL,NULL,NULL,"2026-02-12 02:00:35.956715-06"
1641740,"Jaylen Clark","Jaylen","Clark","",NULL,NULL,NULL,NULL,NULL,"2026-02-12 02:00:41.750654-06"
1642866,"Joan Beringer","Joan","Beringer","",NULL,NULL,NULL,NULL,NULL,"2026-02-12 02:00:41.750654-06"
1626167,"Myles Turner","Myles","Turner","",NULL,NULL,NULL,NULL,NULL,"2026-02-15 03:01:35.325254-06"
1629661,"Cameron Johnson","Cameron","Johnson","F",NULL,NULL,NULL,NULL,NULL,"2026-02-12 02:00:44.869205-06"
204060,"Joe Ingles","Joe","Ingles","",NULL,NULL,NULL,NULL,NULL,"2026-02-12 02:00:41.750654-06"
1629638,"Nickeil Alexander-Walker","Nickeil","Alexander-Walker","G",NULL,NULL,NULL,NULL,NULL,"2026-02-12 02:00:35.099787-06"
1631128,"Christian Braun","Christian","Braun","G",NULL,NULL,NULL,NULL,NULL,"2026-02-12 02:00:44.869205-06"
1630552,"Jalen Johnson","Jalen","Johnson","F",NULL,NULL,NULL,NULL,NULL,"2026-02-12 02:00:35.099787-06"
1631247,"Luke Travers","Luke","Travers","",NULL,NULL,NULL,NULL,NULL,"2026-02-05 14:59:11.872905-06"
1631218,"Trayce Jackson-Davis","Trayce","Jackson-Davis","",NULL,NULL,NULL,NULL,NULL,"2026-02-12 02:00:40.145718-06"
1630604,"E.J. Liddell","E.J.","Liddell","",NULL,NULL,NULL,NULL,NULL,"2026-02-05 15:10:23.130172-06"
1630545,"Terrence Shannon Jr.","Terrence","Shannon Jr.","",NULL,NULL,NULL,NULL,NULL,"2026-02-10 13:14:32.019353-06"
1629674,"Neemias Queta","Neemias","Queta","C",NULL,NULL,NULL,NULL,NULL,"2026-02-12 02:00:37.633198-06"
1642854,"Asa Newell","Asa","Newell","",NULL,NULL,NULL,NULL,NULL,"2026-02-12 02:00:35.099787-06"
1642266,"Ja'Kobe Walter","Ja'Kobe","Walter","",NULL,NULL,NULL,NULL,NULL,"2026-02-12 02:00:40.145718-06"
1629027,"Trae Young","Trae","Young","",NULL,NULL,NULL,NULL,NULL,"2026-02-05 15:00:50.834992-06"
1642404,"Chaz Lanier","Chaz","Lanier","",NULL,NULL,NULL,NULL,NULL,"2026-02-12 02:00:40.145718-06"
1631212,"Peyton Watson","Peyton","Watson","",NULL,NULL,NULL,NULL,NULL,"2026-02-12 02:00:44.869205-06"
1630175,"Cole Anthony","Cole","Anthony","",NULL,NULL,NULL,NULL,NULL,"2026-02-10 13:14:33.453327-06"
1628401,"Derrick White","Derrick","White","G",NULL,NULL,NULL,NULL,NULL,"2026-02-12 02:00:37.633198-06"
1630549,"Day'Ron Sharpe","Day'Ron","Sharpe","C",NULL,NULL,NULL,NULL,NULL,"2026-02-12 02:00:38.521098-06"
1629020,"Jarred Vanderbilt","Jarred","Vanderbilt","",NULL,NULL,NULL,NULL,NULL,"2026-02-15 03:01:37.172365-06"
1642355,"Bronny James","Bronny","James","",NULL,NULL,NULL,NULL,NULL,"2026-02-15 03:01:37.172365-06"
1630623,"Tyson Etienne","Tyson","Etienne","",NULL,NULL,NULL,NULL,NULL,"2026-02-05 15:04:36.492724-06"
1642856,"Egor Dëmin","Egor","Dëmin","G",NULL,NULL,NULL,NULL,NULL,"2026-02-12 02:00:38.521098-06"
1641716,"Jarace Walker","Jarace","Walker","F",NULL,NULL,NULL,NULL,NULL,"2026-02-12 02:00:38.521098-06"
1641767,"Ben Sheppard","Ben","Sheppard","G",NULL,NULL,NULL,NULL,NULL,"2026-02-12 02:00:38.521098-06"
1631243,"Mouhamed Gueye","Mouhamed","Gueye","",NULL,NULL,NULL,NULL,NULL,"2026-02-12 02:00:35.099787-06"
1631210,"Jacob Toppin","Jacob","Toppin","",NULL,NULL,NULL,NULL,NULL,"2026-02-10 13:14:29.095534-06"
1642859,"Jase Richardson","Jase","Richardson","",NULL,NULL,NULL,NULL,NULL,"2026-02-12 02:00:36.780389-06"
203507,"Giannis Antetokounmpo","Giannis","Antetokounmpo","F",NULL,NULL,NULL,NULL,NULL,"2026-02-10 13:14:29.835625-06"
1630241,"Sam Merrill","Sam","Merrill","F",NULL,NULL,NULL,NULL,NULL,"2026-02-12 02:00:35.956715-06"
1630202,"Payton Pritchard","Payton","Pritchard","",NULL,NULL,NULL,NULL,NULL,"2026-02-12 02:00:37.633198-06"
1629611,"Terance Mann","Terance","Mann","F",NULL,NULL,NULL,NULL,NULL,"2026-02-12 02:00:38.521098-06"
1630533,"Ziaire Williams","Ziaire","Williams","F",NULL,NULL,NULL,NULL,NULL,"2026-02-12 02:00:38.521098-06"
1630168,"Onyeka Okongwu","Onyeka","Okongwu","C",NULL,NULL,NULL,NULL,NULL,"2026-02-12 02:00:35.099787-06"
1630548,"Johnny Juzang","Johnny","Juzang","",NULL,NULL,NULL,NULL,NULL,"2026-02-10 13:14:30.563168-06"
1630162,"Anthony Edwards","Anthony","Edwards","G",NULL,NULL,NULL,NULL,NULL,"2026-02-12 02:00:41.750654-06"
1628366,"Lonzo Ball","Lonzo","Ball","",NULL,NULL,NULL,NULL,NULL,"2026-02-05 15:10:30.31706-06"
1631111,"Wendell Moore Jr.","Wendell","Moore Jr.","",NULL,NULL,NULL,NULL,NULL,"2026-02-10 13:14:27.630613-06"
1641810,"Antonio Reeves","Antonio","Reeves","",NULL,NULL,NULL,NULL,NULL,"2026-02-05 15:09:04.003407-06"
1628378,"Donovan Mitchell","Donovan","Mitchell","G",NULL,NULL,NULL,NULL,NULL,"2026-02-12 02:00:35.956715-06"
1629652,"Luguentz Dort","Luguentz","Dort","F",NULL,NULL,NULL,NULL,NULL,"2026-02-15 03:01:35.325254-06"
1628418,"Thomas Bryant","Thomas","Bryant","",NULL,NULL,NULL,NULL,NULL,"2026-02-12 02:00:35.956715-06"
1641775,"Jordan Walsh","Jordan","Walsh","",NULL,NULL,NULL,NULL,NULL,"2026-02-12 02:00:37.633198-06"
1630811,"Keaton Wallace","Keaton","Wallace","",NULL,NULL,NULL,NULL,NULL,"2026-02-12 02:00:35.099787-06"
1642869,"Noah Penda","Noah","Penda","",NULL,NULL,NULL,NULL,NULL,"2026-02-12 02:00:36.780389-06"
1642964,"Brooks Barnhizer","Brooks","Barnhizer","",NULL,NULL,NULL,NULL,NULL,"2026-02-15 03:01:35.325254-06"
1629014,"Anfernee Simons","Anfernee","Simons","G",NULL,NULL,NULL,NULL,NULL,"2026-02-12 02:00:37.633198-06"
1642368,"N'Faly Dante","N'Faly","Dante","",NULL,NULL,NULL,NULL,NULL,"2026-02-05 15:04:10.887922-06"
201144,"Mike Conley","Mike","Conley","G",NULL,NULL,NULL,NULL,NULL,"2026-02-10 13:14:32.019353-06"
1628398,"Kyle Kuzma","Kyle","Kuzma","F",NULL,NULL,NULL,NULL,NULL,"2026-02-15 03:01:35.325254-06"
1631260,"AJ Green","AJ","Green","G",NULL,NULL,NULL,NULL,NULL,"2026-02-15 03:01:35.325254-06"
1628502,"Nigel Hayes-Davis","Nigel","Hayes-Davis","",NULL,NULL,NULL,NULL,NULL,"2026-02-05 15:10:45.867241-06"
1630249,"Vít Krejčí","Vít","Krejčí","",NULL,NULL,NULL,NULL,NULL,"2026-02-15 03:01:36.309103-06"
1642265,"Rob Dillingham","Rob","Dillingham","",NULL,NULL,NULL,NULL,NULL,"2026-02-12 02:00:37.633198-06"
1631159,"Leonard Miller","Leonard","Miller","",NULL,NULL,NULL,NULL,NULL,"2026-02-12 02:00:37.633198-06"
1627759,"Jaylen Brown","Jaylen","Brown","F",NULL,NULL,NULL,NULL,NULL,"2026-02-12 02:00:37.633198-06"
1630611,"Gui Santos","Gui","Santos","F",NULL,NULL,NULL,NULL,NULL,"2026-02-12 02:00:45.671318-06"
1628978,"Donte DiVincenzo","Donte","DiVincenzo","G",NULL,NULL,NULL,NULL,NULL,"2026-02-12 02:00:41.750654-06"
1629614,"Andrew Nembhard","Andrew","Nembhard","",NULL,NULL,NULL,NULL,NULL,"2026-02-12 02:00:38.521098-06"
1627783,"Pascal Siakam","Pascal","Siakam","",NULL,NULL,NULL,NULL,NULL,"2026-02-12 02:00:38.521098-06"
1630311,"Pat Spencer","Pat","Spencer","G",NULL,NULL,NULL,NULL,NULL,"2026-02-12 02:00:45.671318-06"
1630167,"Obi Toppin","Obi","Toppin","",NULL,NULL,NULL,NULL,NULL,"2026-02-11 16:39:49.816555-06"
1628404,"Josh Hart","Josh","Hart","F",NULL,NULL,NULL,NULL,NULL,"2026-02-12 02:00:39.315355-06"
1629731,"Dean Wade","Dean","Wade","F",NULL,NULL,NULL,NULL,NULL,"2026-02-05 15:10:52.969929-06"
1642955,"Kadary Richmond","Kadary","Richmond","",NULL,NULL,NULL,NULL,NULL,"2026-02-12 02:00:35.956715-06"
1630579,"Jericho Sims","Jericho","Sims","C",NULL,NULL,NULL,NULL,NULL,"2026-02-15 03:01:35.325254-06"
1631216,"Caleb Houstan","Caleb","Houstan","",NULL,NULL,NULL,NULL,NULL,"2026-02-10 13:14:33.453327-06"
1641757,"Jordan Miller","Jordan","Miller","",NULL,NULL,NULL,NULL,NULL,"2026-02-12 02:00:40.944456-06"
1642262,"Cody Williams","Cody","Williams","F",NULL,NULL,NULL,NULL,NULL,"2026-02-15 03:01:36.309103-06"
1630551,"Justin Champagnie","Justin","Champagnie","",NULL,NULL,NULL,NULL,NULL,"2026-02-12 02:00:35.956715-06"
1630541,"Moses Moody","Moses","Moody","F",NULL,NULL,NULL,NULL,NULL,"2026-02-12 02:00:45.671318-06"
1631124,"Julian Strawther","Julian","Strawther","F",NULL,NULL,NULL,NULL,NULL,"2026-02-12 02:00:44.869205-06"
1627752,"Taurean Prince","Taurean","Prince","F",NULL,NULL,NULL,NULL,NULL,"2026-02-10 13:14:29.835625-06"
1642271,"Kyle Filipowski","Kyle","Filipowski","C",NULL,NULL,NULL,NULL,NULL,"2026-02-15 03:01:36.309103-06"
1642282,"Hunter Sallis","Hunter","Sallis","",NULL,NULL,NULL,NULL,NULL,"2026-02-05 14:59:37.082651-06"
1629618,"Jalen Pickett","Jalen","Pickett","",NULL,NULL,NULL,NULL,NULL,"2026-02-12 02:00:44.869205-06"
1631199,"Ron Harper Jr.","Ron","Harper Jr.","",NULL,NULL,NULL,NULL,NULL,"2026-02-12 02:00:37.633198-06"
1641747,"DaRon Holmes II","DaRon","Holmes II","",NULL,NULL,NULL,NULL,NULL,"2026-02-12 02:00:44.869205-06"
1641774,"Tristan Vukcevic","Tristan","Vukcevic","",NULL,NULL,NULL,NULL,NULL,"2026-02-09 21:41:07.619977-06"
1629750,"Javonte Green","Javonte","Green","",NULL,NULL,NULL,NULL,NULL,"2026-02-12 02:00:40.145718-06"
1630264,"Anthony Gill","Anthony","Gill","",NULL,NULL,NULL,NULL,NULL,"2026-02-12 02:00:35.956715-06"
1630192,"Zeke Nnaji","Zeke","Nnaji","",NULL,NULL,NULL,NULL,NULL,"2026-02-12 02:00:44.869205-06"
1641729,"Brice Sensabaugh","Brice","Sensabaugh","G",NULL,NULL,NULL,NULL,NULL,"2026-02-15 03:01:36.309103-06"
1631157,"Ryan Rollins","Ryan","Rollins","G",NULL,NULL,NULL,NULL,NULL,"2026-02-10 13:14:29.835625-06"
1630543,"Isaiah Jackson","Isaiah","Jackson","",NULL,NULL,NULL,NULL,NULL,"2026-02-12 02:00:40.944456-06"
1642450,"Daniss Jenkins","Daniss","Jenkins","",NULL,NULL,NULL,NULL,NULL,"2026-02-12 02:00:40.145718-06"
1626171,"Bobby Portis","Bobby","Portis","",NULL,NULL,NULL,NULL,NULL,"2026-02-15 03:01:35.325254-06"
1642396,"Blake Hinson","Blake","Hinson","",NULL,NULL,NULL,NULL,NULL,"2026-02-15 03:01:36.309103-06"
1641707,"Taylor Hendricks","Taylor","Hendricks","",NULL,NULL,NULL,NULL,NULL,"2026-02-12 02:00:44.869205-06"
1631250,"Pete Nance","Pete","Nance","",NULL,NULL,NULL,NULL,NULL,"2026-02-15 03:01:35.325254-06"
1628963,"Marvin Bagley III","Marvin","Bagley III","",NULL,NULL,NULL,NULL,NULL,"2026-02-15 03:01:37.172365-06"
1642860,"Will Riley","Will","Riley","",NULL,NULL,NULL,NULL,NULL,"2026-02-12 02:00:35.956715-06"
1641748,"Andre Jackson Jr.","Andre","Jackson Jr.","",NULL,NULL,NULL,NULL,NULL,"2026-02-15 03:01:35.325254-06"
1642449,"Tolu Smith","Tolu","Smith","",NULL,NULL,NULL,NULL,NULL,"2026-02-12 02:00:40.145718-06"
1630692,"Jordan Goodwin","Jordan","Goodwin","G",NULL,NULL,NULL,NULL,NULL,"2026-02-12 02:00:43.358072-06"
1629004,"Svi Mykhailiuk","Svi","Mykhailiuk","",NULL,NULL,NULL,NULL,NULL,"2026-02-15 03:01:36.309103-06"
1630214,"Xavier Tillman","Xavier","Tillman","",NULL,NULL,NULL,NULL,NULL,"2026-02-12 02:00:35.099787-06"
1642358,"AJ Johnson","AJ","Johnson","",NULL,NULL,NULL,NULL,NULL,"2026-02-15 03:01:37.172365-06"
1641732,"Colby Jones","Colby","Jones","",NULL,NULL,NULL,NULL,NULL,"2026-02-05 14:54:41.608439-06"
1643141,"Jahmyl Telfort","Jahmyl","Telfort","",NULL,NULL,NULL,NULL,NULL,"2026-02-05 14:57:42.900661-06"
1642357,"David Jones Garcia","David","Jones Garcia","",NULL,NULL,NULL,NULL,NULL,"2026-02-05 15:03:56.857902-06"
1641989,"Elijah Harkless","Elijah","Harkless","",NULL,NULL,NULL,NULL,NULL,"2026-02-15 03:01:36.309103-06"
1628396,"Tony Bradley","Tony","Bradley","",NULL,NULL,NULL,NULL,NULL,"2026-02-05 15:09:49.164774-06"
1629599,"Amir Coffey","Amir","Coffey","",NULL,NULL,NULL,NULL,NULL,"2026-02-12 02:00:43.358072-06"
1642863,"Khaman Maluach","Khaman","Maluach","",NULL,NULL,NULL,NULL,NULL,"2026-02-12 02:00:43.358072-06"
1630557,"Corey Kispert","Corey","Kispert","",NULL,NULL,NULL,NULL,NULL,"2026-02-12 02:00:35.099787-06"
1641752,"Bobi Klintman","Bobi","Klintman","",NULL,NULL,NULL,NULL,NULL,"2026-02-12 02:00:40.145718-06"
1630170,"Devin Vassell","Devin","Vassell","F",NULL,NULL,NULL,NULL,NULL,"2026-02-12 02:00:45.671318-06"
1642347,"Jamal Shead","Jamal","Shead","",NULL,NULL,NULL,NULL,NULL,"2026-02-12 02:00:40.145718-06"
203994,"Jusuf Nurkić","Jusuf","Nurkić","",NULL,NULL,NULL,NULL,NULL,"2026-02-15 03:01:36.309103-06"
1631255,"Karlo Matković","Karlo","Matković","",NULL,NULL,NULL,NULL,NULL,"2026-02-12 02:00:42.550391-06"
1642939,"Miles Kelly","Miles","Kelly","",NULL,NULL,NULL,NULL,NULL,"2026-02-06 08:34:15.552732-06"
1631121,"Bryce McGowens","Bryce","McGowens","",NULL,NULL,NULL,NULL,NULL,"2026-02-12 02:00:42.550391-06"
203648,"Thanasis Antetokounmpo","Thanasis","Antetokounmpo","",NULL,NULL,NULL,NULL,NULL,"2026-02-15 03:01:35.325254-06"
1642264,"Stephon Castle","Stephon","Castle","G",NULL,NULL,NULL,NULL,NULL,"2026-02-12 02:00:45.671318-06"
201599,"DeAndre Jordan","DeAndre","Jordan","",NULL,NULL,NULL,NULL,NULL,"2026-02-12 02:00:42.550391-06"
1641725,"Trey Alexander","Trey","Alexander","",NULL,NULL,NULL,NULL,NULL,"2026-02-05 15:08:18.236245-06"
1641730,"Noah Clowney","Noah","Clowney","",NULL,NULL,NULL,NULL,NULL,"2026-02-12 02:00:38.521098-06"
1629057,"Robert Williams III","Robert","Williams III","",NULL,NULL,NULL,NULL,NULL,"2026-02-15 03:01:36.309103-06"
1641718,"Keyonte George","Keyonte","George","G",NULL,NULL,NULL,NULL,NULL,"2026-02-10 13:14:30.563168-06"
1631245,"Quenton Jackson","Quenton","Jackson","",NULL,NULL,NULL,NULL,NULL,"2026-02-12 02:00:38.521098-06"
204456,"T.J. McConnell","T.J.","McConnell","",NULL,NULL,NULL,NULL,NULL,"2026-02-12 02:00:38.521098-06"
1642443,"Jahmir Young","Jahmir","Young","",NULL,NULL,NULL,NULL,NULL,"2026-02-12 02:00:42.550391-06"
1642844,"Dylan Harper","Dylan","Harper","",NULL,NULL,NULL,NULL,NULL,"2026-02-12 02:00:45.671318-06"
1641733,"Nick Smith Jr.","Nick","Smith Jr.","",NULL,NULL,NULL,NULL,NULL,"2026-02-11 16:39:51.906771-06"
203914,"Gary Harris","Gary","Harris","",NULL,NULL,NULL,NULL,NULL,"2026-02-15 03:01:35.325254-06"
1641813,"Mark Sears","Mark","Sears","",NULL,NULL,NULL,NULL,NULL,"2026-02-05 14:59:01.687088-06"
1643024,"Chris Mañon","Chris","Mañon","",NULL,NULL,NULL,NULL,NULL,"2026-02-11 16:39:51.906771-06"
1629640,"Keldon Johnson","Keldon","Johnson","",NULL,NULL,NULL,NULL,NULL,"2026-02-12 02:00:45.671318-06"
1630194,"Paul Reed","Paul","Reed","C",NULL,NULL,NULL,NULL,NULL,"2026-02-12 02:00:40.145718-06"
1630536,"Sharife Cooper","Sharife","Cooper","",NULL,NULL,NULL,NULL,NULL,"2026-02-12 02:00:35.956715-06"
1642868,"Carter Bryant","Carter","Bryant","",NULL,NULL,NULL,NULL,NULL,"2026-02-12 02:00:45.671318-06"
1629631,"De'Andre Hunter","De'Andre","Hunter","",NULL,NULL,NULL,NULL,NULL,"2026-02-12 02:00:44.108723-06"
1642434,"Riley Minix","Riley","Minix","",NULL,NULL,NULL,NULL,NULL,"2026-02-05 14:57:37.741303-06"
202687,"Bismack Biyombo","Bismack","Biyombo","",NULL,NULL,NULL,NULL,NULL,"2026-02-12 02:00:45.671318-06"
1629162,"Jordan McLaughlin","Jordan","McLaughlin","",NULL,NULL,NULL,NULL,NULL,"2026-02-12 02:00:45.671318-06"
1631288,"Jamal Cain","Jamal","Cain","",NULL,NULL,NULL,NULL,NULL,"2026-02-12 02:00:36.780389-06"
1641816,"Hunter Tyson","Hunter","Tyson","",NULL,NULL,NULL,NULL,NULL,"2026-02-05 15:10:46.888631-06"
1642403,"Isaac Jones","Isaac","Jones","",NULL,NULL,NULL,NULL,NULL,"2026-02-05 15:04:18.069485-06"
1631127,"Harrison Ingram","Harrison","Ingram","",NULL,NULL,NULL,NULL,NULL,"2026-02-06 08:34:15.552732-06"
1642285,"Cam Spencer","Cam","Spencer","",NULL,NULL,NULL,NULL,NULL,"2026-02-12 02:00:44.869205-06"
1643133,"Lawson Lovering","Lawson","Lovering","",NULL,NULL,NULL,NULL,NULL,"2026-02-12 02:00:44.869205-06"
1627734,"Domantas Sabonis","Domantas","Sabonis","",NULL,NULL,NULL,NULL,NULL,"2026-02-12 02:00:44.108723-06"
1631117,"Walker Kessler","Walker","Kessler","",NULL,NULL,NULL,NULL,NULL,"2026-02-05 15:10:37.418217-06"
1642846,"Ace Bailey","Ace","Bailey","F",NULL,NULL,NULL,NULL,NULL,"2026-02-15 03:01:36.309103-06"
1642364,"Jamir Watkins","Jamir","Watkins","C",NULL,NULL,NULL,NULL,NULL,"2026-02-12 02:00:35.956715-06"
1641753,"Chris Livingston","Chris","Livingston","",NULL,NULL,NULL,NULL,NULL,"2026-02-10 13:14:29.835625-06"
1629021,"Moritz Wagner","Moritz","Wagner","",NULL,NULL,NULL,NULL,NULL,"2026-02-12 02:00:36.780389-06"
1642948,"Ryan Nembhard","Ryan","Nembhard","",NULL,NULL,NULL,NULL,NULL,"2026-02-06 08:34:15.552732-06"
2544,"LeBron James","LeBron","James","F",NULL,NULL,NULL,NULL,NULL,"2026-02-15 03:01:37.172365-06"
1630570,"Trendon Watford","Trendon","Watford","",NULL,NULL,NULL,NULL,NULL,"2026-02-12 02:00:39.315355-06"
1641722,"Jordan Hawkins","Jordan","Hawkins","",NULL,NULL,NULL,NULL,NULL,"2026-02-12 02:00:42.550391-06"
1642855,"Noa Essengue","Noa","Essengue","",NULL,NULL,NULL,NULL,NULL,"2026-02-05 14:56:40.388854-06"
1642280,"Trentyn Flowers","Trentyn","Flowers","",NULL,NULL,NULL,NULL,NULL,"2026-02-05 14:58:17.685004-06"
203552,"Seth Curry","Seth","Curry","",NULL,NULL,NULL,NULL,NULL,"2026-02-10 13:14:28.356643-06"
1631248,"Baylor Scheierman","Baylor","Scheierman","G",NULL,NULL,NULL,NULL,NULL,"2026-02-12 02:00:37.633198-06"
1628964,"Mo Bamba","Mo","Bamba","",NULL,NULL,NULL,NULL,NULL,"2026-02-05 15:01:16.282147-06"
1630534,"Ochai Agbaji","Ochai","Agbaji","",NULL,NULL,NULL,NULL,NULL,"2026-02-12 02:00:38.521098-06"
1631169,"Josh Minott","Josh","Minott","",NULL,NULL,NULL,NULL,NULL,"2026-02-12 02:00:38.521098-06"
1629026,"Kenrich Williams","Kenrich","Williams","F",NULL,NULL,NULL,NULL,NULL,"2026-02-15 03:01:35.325254-06"
1642938,"Curtis Jones","Curtis","Jones","",NULL,NULL,NULL,NULL,NULL,"2026-02-05 15:09:17.932486-06"
1641763,"Julian Phillips","Julian","Phillips","",NULL,NULL,NULL,NULL,NULL,"2026-02-12 02:00:41.750654-06"
1642402,"Enrique Freeman","Enrique","Freeman","",NULL,NULL,NULL,NULL,NULL,"2026-02-12 02:00:41.750654-06"
1631131,"Oscar Tshiebwe","Oscar","Tshiebwe","",NULL,NULL,NULL,NULL,NULL,"2026-02-15 03:01:36.309103-06"
1642274,"Yves Missi","Yves","Missi","",NULL,NULL,NULL,NULL,NULL,"2026-02-12 02:00:42.550391-06"
1642877,"Micah Peavy","Micah","Peavy","",NULL,NULL,NULL,NULL,NULL,"2026-02-09 23:26:59.34344-06"
1628467,"Maxi Kleber","Maxi","Kleber","",NULL,NULL,NULL,NULL,NULL,"2026-02-15 03:01:37.172365-06"
1629001,"De'Anthony Melton","De'Anthony","Melton","G",NULL,NULL,NULL,NULL,NULL,"2026-02-12 02:00:45.671318-06"
1629639,"Tyler Herro","Tyler","Herro","G",NULL,NULL,NULL,NULL,NULL,"2026-02-10 13:14:32.723572-06"
1630649,"Stanley Umude","Stanley","Umude","",NULL,NULL,NULL,NULL,NULL,"2026-02-10 13:14:29.835625-06"
1642867,"Collin Murray-Boyles","Collin","Murray-Boyles","C",NULL,NULL,NULL,NULL,NULL,"2026-02-09 21:41:08.599668-06"
1642066,"Myron Gardner","Myron","Gardner","F",NULL,NULL,NULL,NULL,NULL,"2026-02-12 02:00:42.550391-06"
1630643,"Jay Huff","Jay","Huff","C",NULL,NULL,NULL,NULL,NULL,"2026-02-12 02:00:38.521098-06"
1630696,"Dru Smith","Dru","Smith","",NULL,NULL,NULL,NULL,NULL,"2026-02-12 02:00:42.550391-06"
1631246,"Vince Williams Jr.","Vince","Williams Jr.","",NULL,NULL,NULL,NULL,NULL,"2026-02-15 03:01:36.309103-06"
1642942,"Jahmai Mashack","Jahmai","Mashack","F",NULL,NULL,NULL,NULL,NULL,"2026-02-12 02:00:44.869205-06"
1642864,"Hugo González","Hugo","González","",NULL,NULL,NULL,NULL,NULL,"2026-02-12 02:00:37.633198-06"
1631123,"Jamaree Bouyea","Jamaree","Bouyea","",NULL,NULL,NULL,NULL,NULL,"2026-02-12 02:00:43.358072-06"
1641890,"Tyler Smith","Tyler","Smith","",NULL,NULL,NULL,NULL,NULL,"2026-02-10 13:14:29.835625-06"
1630702,"Jaden Hardy","Jaden","Hardy","",NULL,NULL,NULL,NULL,NULL,"2026-02-12 02:00:35.956715-06"
1629726,"Garrison Mathews","Garrison","Mathews","",NULL,NULL,NULL,NULL,NULL,"2026-02-10 13:14:26.800284-06"
1642419,"Jamison Battle","Jamison","Battle","",NULL,NULL,NULL,NULL,NULL,"2026-02-12 02:00:40.145718-06"
1641715,"Cam Whitmore","Cam","Whitmore","",NULL,NULL,NULL,NULL,NULL,"2026-02-05 14:58:57.576182-06"
1627749,"Dejounte Murray","Dejounte","Murray","",NULL,NULL,NULL,NULL,NULL,"2026-02-05 14:59:38.986673-06"
1628380,"Zach Collins","Zach","Collins","",NULL,NULL,NULL,NULL,NULL,"2026-02-05 15:00:51.834027-06"
1641723,"Kobe Bufkin","Kobe","Bufkin","",NULL,NULL,NULL,NULL,NULL,"2026-02-15 03:01:37.172365-06"
1642873,"Amari Williams","Amari","Williams","",NULL,NULL,NULL,NULL,NULL,"2026-02-12 02:00:37.633198-06"
1630695,"Micah Potter","Micah","Potter","",NULL,NULL,NULL,NULL,NULL,"2026-02-12 02:00:38.521098-06"
1628983,"Shai Gilgeous-Alexander","Shai","Gilgeous-Alexander","G",NULL,NULL,NULL,NULL,NULL,"2026-02-05 15:10:43.767094-06"
1631093,"Jaden Ivey","Jaden","Ivey","",NULL,NULL,NULL,NULL,NULL,"2026-02-12 02:00:37.633198-06"
1641787,"Tosan Evbuomwan","Tosan","Evbuomwan","",NULL,NULL,NULL,NULL,NULL,"2026-02-05 14:59:49.596088-06"
1631099,"Keegan Murray","Keegan","Murray","",NULL,NULL,NULL,NULL,NULL,"2026-02-09 23:26:59.34344-06"
1642926,"Tamar Bates","Tamar","Bates","",NULL,NULL,NULL,NULL,NULL,"2026-02-05 14:56:38.197739-06"
1631114,"Jalen Williams","Jalen","Williams","F",NULL,NULL,NULL,NULL,NULL,"2026-02-12 02:00:43.358072-06"
1631166,"Drew Timme","Drew","Timme","",NULL,NULL,NULL,NULL,NULL,"2026-02-15 03:01:37.172365-06"
1642384,"Isaiah Crawford","Isaiah","Crawford","",NULL,NULL,NULL,NULL,NULL,"2026-02-12 02:00:40.944456-06"
1642440,"Gabe McGlothan","Gabe","McGlothan","",NULL,NULL,NULL,NULL,NULL,"2026-02-05 14:58:59.618678-06"
1641713,"GG Jackson","GG","Jackson","F",NULL,NULL,NULL,NULL,NULL,"2026-02-12 02:00:44.869205-06"
1629634,"Brandon Clarke","Brandon","Clarke","",NULL,NULL,NULL,NULL,NULL,"2026-02-05 15:10:51.949275-06"
1631102,"TyTy Washington Jr.","TyTy","Washington Jr.","",NULL,NULL,NULL,NULL,NULL,"2026-02-12 02:00:40.944456-06"
203937,"Kyle Anderson","Kyle","Anderson","C",NULL,NULL,NULL,NULL,NULL,"2026-02-12 02:00:44.869205-06"
1643018,"LJ Cryer","LJ","Cryer","",NULL,NULL,NULL,NULL,NULL,"2026-02-05 15:09:39.97483-06"
1631115,"Orlando Robinson","Orlando","Robinson","",NULL,NULL,NULL,NULL,NULL,"2026-02-05 15:04:22.407717-06"
1642950,"Lachlan Olbrich","Lachlan","Olbrich","",NULL,NULL,NULL,NULL,NULL,"2026-02-12 02:00:37.633198-06"
1631321,"Sidy Cissoko","Sidy","Cissoko","F",NULL,NULL,NULL,NULL,NULL,"2026-02-15 03:01:36.309103-06"
203939,"Dwight Powell","Dwight","Powell","",NULL,NULL,NULL,NULL,NULL,"2026-02-15 03:01:37.172365-06"
1631126,"Caleb Love","Caleb","Love","",NULL,NULL,NULL,NULL,NULL,"2026-02-15 03:01:36.309103-06"
1630590,"Scotty Pippen Jr.","Scotty","Pippen Jr.","",NULL,NULL,NULL,NULL,NULL,"2026-02-12 02:00:44.869205-06"
1631119,"Jaylin Williams","Jaylin","Williams","",NULL,NULL,NULL,NULL,NULL,"2026-02-15 03:01:35.325254-06"
1628997,"Caleb Martin","Caleb","Martin","",NULL,NULL,NULL,NULL,NULL,"2026-02-15 03:01:37.172365-06"
1631451,"Javonte Cooke","Javonte","Cooke","",NULL,NULL,NULL,NULL,NULL,"2026-02-15 03:01:36.309103-06"
1629646,"Charles Bassey","Charles","Bassey","",NULL,NULL,NULL,NULL,NULL,"2026-02-12 02:00:39.315355-06"
1642349,"Ajay Mitchell","Ajay","Mitchell","",NULL,NULL,NULL,NULL,NULL,"2026-02-09 21:40:56.624565-06"
1643007,"Taelon Peter","Taelon","Peter","",NULL,NULL,NULL,NULL,NULL,"2026-02-12 02:00:38.521098-06"
1631204,"Marcus Sasser","Marcus","Sasser","",NULL,NULL,NULL,NULL,NULL,"2026-02-12 02:00:40.145718-06"
1643052,"Chaney Johnson","Chaney","Johnson","",NULL,NULL,NULL,NULL,NULL,"2026-02-05 15:04:36.492724-06"
1627777,"Georges Niang","Georges","Niang","",NULL,NULL,NULL,NULL,NULL,"2026-02-05 15:08:52.31082-06"
1628449,"Chris Boucher","Chris","Boucher","",NULL,NULL,NULL,NULL,NULL,"2026-02-10 13:14:29.835625-06"
1642383,"Walter Clayton Jr.","Walter","Clayton Jr.","",NULL,NULL,NULL,NULL,NULL,"2026-02-12 02:00:44.869205-06"
1631116,"Patrick Baldwin Jr.","Patrick","Baldwin Jr.","",NULL,NULL,NULL,NULL,NULL,"2026-02-12 02:00:39.315355-06"
1641755,"Kevin McCullar Jr.","Kevin","McCullar Jr.","",NULL,NULL,NULL,NULL,NULL,"2026-02-12 02:00:39.315355-06"
1642367,"Jonathan Mogbo","Jonathan","Mogbo","",NULL,NULL,NULL,NULL,NULL,"2026-02-10 13:14:29.835625-06"
1642502,"Malevy Leons","Malevy","Leons","",NULL,NULL,NULL,NULL,NULL,"2026-02-09 21:41:02.27141-06"
1642260,"Nikola Topić","Nikola","Topić","",NULL,NULL,NULL,NULL,NULL,"2026-02-15 03:01:35.325254-06"
1642013,"Malik Williams","Malik","Williams","",NULL,NULL,NULL,NULL,NULL,"2026-02-05 15:01:00.064351-06"
1631172,"Ousmane Dieng","Ousmane","Dieng","F",NULL,NULL,NULL,NULL,NULL,"2026-02-15 03:01:35.325254-06"
1642959,"Chris Youngblood","Chris","Youngblood","",NULL,NULL,NULL,NULL,NULL,"2026-02-05 15:10:50.940672-06"
1642382,"Branden Carlson","Branden","Carlson","",NULL,NULL,NULL,NULL,NULL,"2026-02-05 15:10:50.940672-06"
1630644,"Mac McClung","Mac","McClung","",NULL,NULL,NULL,NULL,NULL,"2026-02-06 08:34:13.669617-06"
1641801,"Emanuel Miller","Emanuel","Miller","",NULL,NULL,NULL,NULL,NULL,"2026-02-05 15:10:16.921702-06"
1626156,"D'Angelo Russell","D'Angelo","Russell","",NULL,NULL,NULL,NULL,NULL,"2026-02-05 15:10:21.08324-06"
1642400,"Tristan Enaruna","Tristan","Enaruna","",NULL,NULL,NULL,NULL,NULL,"2026-02-12 02:00:35.956715-06"
1642880,"Kam Jones","Kam","Jones","G",NULL,NULL,NULL,NULL,NULL,"2026-02-12 02:00:38.521098-06"
1630679,"Ethan Thompson","Ethan","Thompson","",NULL,NULL,NULL,NULL,NULL,"2026-02-12 02:00:38.521098-06"
1630699,"MarJon Beauchamp","MarJon","Beauchamp","",NULL,NULL,NULL,NULL,NULL,"2026-02-12 02:00:39.315355-06"
1641794,"Dillon Jones","Dillon","Jones","",NULL,NULL,NULL,NULL,NULL,"2026-02-12 02:00:39.315355-06"
1642918,"Alijah Martin","Alijah","Martin","",NULL,NULL,NULL,NULL,NULL,"2026-02-12 02:00:40.145718-06"
202066,"Garrett Temple","Garrett","Temple","",NULL,NULL,NULL,NULL,NULL,"2026-02-12 02:00:40.145718-06"
1627746,"Skal Labissiere","Skal","Labissiere","",NULL,NULL,NULL,NULL,NULL,"2026-02-06 08:34:10.548198-06"
1642530,"Yuki Kawamura","Yuki","Kawamura","",NULL,NULL,NULL,NULL,NULL,"2026-02-06 08:34:13.669617-06"
1629660,"Ty Jerome","Ty","Jerome","G",NULL,NULL,NULL,NULL,NULL,"2026-02-12 02:00:44.869205-06"
